{
  "model_path": "models/random_forest.pkl",
  "data_path": "data/processed/train.csv",
  "n_train": 5047,
  "n_test": 1262,
  "sklearn_version": "1.6.0",
  "params": {
    "tfidf_max_features": 5000,
    "tfidf_ngram_range": [
      1,
      1
    ],
    "rf_n_estimators": 100,
    "rf_random_state": 42
  },
  "metrics": {
    "train_mae": 0.6866022870256573,
    "train_rmse": 0.9605246474942151,
    "train_r2": 0.9052667997864978,
    "test_mae": 1.8760433704348125,
    "test_rmse": 2.572485045922703,
    "test_r2": 0.3158628275029156
  }
}